image,success,text_regions,avg_confidence,medical_confidence,is_medical,drug_terms,prescription_terms,dosages_found,frequencies_found,durations_found,text_preview
1.jpg,True,21,0.4,Moderate,True,2,1,0,0,0,"Dr B;, Who Farmstrcct 12 Kirkvillc tel, 3876 uate Lav 1994 ttriw 0.12 m% theoh ~ M0,7 44 hlt Lm Ms/Mr Pehuiof 30 address; 7v Ye+ Agc:"
10.jpg,True,90,0.4,High,True,6,0,0,0,0,"Dr; MRCP (Uk) FrCA iatuese Corsultant '[Oantro! CCT (Gasto) Livat Ttanuplant #euems""b Apollo [GastRoenteroLoGy No: 46200 Gastroenterologisl] anaetansp..."
100.jpg,True,35,0.6,High,True,3,2,0,0,0,"Phone, Ind . Columbia 36 DR. W. P BAKER Physician and Surgeon Office and Residence, Keefe Building Hillman Seattle R Zeh T & Doen For @anvoei 6 27/ Cv..."
101.jpg,True,23,0.7,Moderate,True,3,1,0,0,0,Medicines_ S.no Medicine (CAPITAL LETTERS PLEASE) (Strength Timings Days j8- Afteioon | Evefing Dic Bea 2 ~T no Lutu 3 7 . ( ~ 4 5 Follow up advice: M...
102.jpg,True,23,0.3,Moderate,True,2,0,0,0,0,[luve :Uexy 6ql. $hed ke[ Qjv 9pe 8Gb Aeo (D 10 hssk Leq  +649 U lvasoux ( 6Fbelk neziku n Lup Rtc Gle1 Dtc QAAVE 146 ~Shvun US
103.jpg,True,26,0.5,Moderate,True,2,2,1,0,0,"2"" 7 0 R G COMBS M: Ntuutu Wulltuhler_Bkg_Phon:_170 Rz hh Olre SL Phone 518 For 8cl Lvj 6 cal _ Futnn LU = 3 2-4 3 L~ C= BRANDON'S PHARMACY PRESCRIPTI..."
104.jpg,True,19,0.4,Low,False,1,0,0,0,0,Dab hlsk: Sls i oi Consultant Erosicn  lal: Scc cT . Temferal Pelvadted Tn Sc lerosed Maslold intact ( Son € oufllint Naine bone Ossicle PIA Imbedante...
105.jpg,True,117,0.5,High,True,6,2,1,0,0,"Sir Ganga Ram Hospital Dr: Raj Kamal Agarwal Sir Ganga Ram Hospital Rajinder Nagar; New Delhi-110060, INDIA +91-11-4225 4000 Sr: Consultant Deptt . of..."
106.jpg,True,20,0.3,Low,False,1,0,0,0,0,"344eL 102 {coc( 32uk9 baones to €^ Nsmim _ 24 Treh 6/ 6 5-0r1 YPT Y1 f _.seir 72 pac (tir( -762 24 ef2"" '7-4& 552808"
107.jpg,True,30,0.4,Moderate,True,2,0,0,0,0,"R 78740 3 , > & eS 6wdecec af Sue L 1 E: &5 4r40 ~l J= Uea Jau ~ as 8 < - 3 1 n E HARRIMAN & FOSTER, dueb Registered Pharmacists, ~ceea dut s WAITINSV..."
108.jpg,True,101,0.6,High,True,6,4,1,1,0,"127.0 0.[.8O80 BMHOSPITAL Emergenc} Reenstmtion o Beazwan Vabzvir HospitzL Pitampurz Dalhi, JIO0J4 Govt OfACT of Delhi ACCIDENT & EMERGENC} REGISTRATI..."
109.jpg,True,21,0.3,Moderate,True,4,0,0,0,0,"Mcdicine ALEvoI2S /Lskco Dcx anca Fmcnucn Heull (5 gnaturc Oxoile 12""0 4ictp 7LF GMCNo_ 12XEel Indiaatlon Additional Instnuqnns eVCcopA Cnxeiia ELMACA..."
11.jpg,True,46,0.4,Moderate,True,3,1,0,0,0,"STo 31ilah TTT TRTT 8445897172 ) MBBS  MD 0 4 Nov 2019. (alct zlat faelyst) f+. No.32286 4o Govind {r"" {evee bla AC ml Snr: Cn A l Sp? W 4e Ls 9.4wl S..."
110.jpg,True,24,0.3,Moderate,True,2,0,0,0,0,"Kael Leep M&7 hs LSIL Ren 2 Rap Deu ""3 nyuc{ @c &~r p4 oke/eA4et, LA hek Hao Avt Nx Guovuka ck) Enelo ccne f aee1 Rt 3 dlb -4ov1"
111.jpg,True,63,0.4,Moderate,True,3,1,1,0,0,"30 Toa Prf sfo I 84TT Dr; Sanjeev Kumar Sharma Dr; Bharat Kumar Sharma MBBS M.D, (Ped ) Child Specialist DCH, MD, MRCP; FNNF (Neonatology) CMO Regd: N..."
112.jpg,True,21,0.2,Moderate,True,2,0,0,0,0,"DRES CBIPT 0 4 frbosaOluoti K= 7 B 4981 Stub JL 04t5-4-x R OmbtiL lup) O1p: ""I REFLNo RES LCX Dexor3y3 Ipflse Yurel cocio pa5ng 7rgix /0d Jia:"
113.jpg,True,30,0.5,High,True,3,6,0,0,0,Name: Lla Address: 439 Sex; Date: Rx tol # B0 Si8 A . D. Knceske Gud tab Sg: lmee & Physician's Sig (dals Lic No. PTR No_ 7ayuz 52 No 0Lt3t aqnil EyIs...
114.jpg,True,37,0.6,High,True,4,6,0,0,0,Date: Li4o_20to Aptus Medical Arts WE Hansen 123 Homestead PL Suite 2 1 Searchlight; NV 89046 Name: Iyeeteive (MJF Age: 51 Address: MilkLmi_RL Wt: L R...
115.jpg,True,42,0.5,High,True,2,3,0,0,0,M Manipal Hospital Manipal i*spiaeooy LIFC Dr. Shalina VoaYAc ELSIS A ^ JLO; *S (ENT) MACS (London) DOHNS (London) NT Consulni 66y' Hosc N; 1 588893 4...
116.jpg,True,60,0.5,High,True,6,0,0,0,0,"KAMXNENI R T A [ nGmad Ka Udcu 46|~ Ls odnu td u dhatrut c ENT Will 2021/4013 Ie 6s Coa Iu (ss ep baranosa  Giu ""Letzz t He u8h (U Gfosomal Glscuc R b..."
117.jpg,True,16,0.2,Moderate,True,2,0,0,0,0,"NeVceap ^ DEVICE FLex (tn Zam Sinna Phar rlacy: i22M Puntnerni ""Stan Gute Lpm. mutm 2141 Mpiche Kaltntta #ecnidinoorr Omitted doses of insulin"
118.jpg,True,28,0.4,Moderate,True,3,1,0,0,0,"llx 7 < Je uian €rd 2 $ Lewl & 7 4 nowee( 4o) Aduwex Lumtt bael] Road; Chelpel, Chennal 600 031 No.76 & 77 , HarrInglon Fax: 044-2836 3516 Hel 4227 77..."
119.jpg,True,104,0.4,High,True,7,2,0,0,0,"DDR BAEA apbPLGma:L eobza68 | [2Ee[ pp?ralelg Eov# 4bh Riaiena""  #3epbuea0p   ""iepeu8zn3 JJeediade 000%8, VE ""64 Pha Dale_ TEEJ7EZZU2DDDILAMISL MiCimn..."
12.jpg,True,12,0.2,Low,False,0,0,0,0,0,5n 2J Et€ Eosp 8u [eevu Wse ~oozz 1C8401 7' t+28 ~x+
120.jpg,True,20,0.3,Moderate,True,2,2,0,0,0,n YiutuA_ FULL NAHE PATIENT DoRtss Lke h Ex TTREET ~lle 222 Liouo ZSCR SXXil 0-0 MD SiaTuLL Adorese 1b2AL Znt 63
121.jpg,True,8,0.3,Moderate,True,2,0,0,0,0,ZaQyuUsue (0x1 A 'Ea vcele A wrll ~gly vocl
122.jpg,True,14,0.3,Low,False,1,0,0,0,0,Na.ac & 20 #Q Noj * 40 06 ~xac (50 BA Suej20 Aue #& Aul; iop KJe8e ~ 4
123.jpg,True,19,0.2,Moderate,True,1,1,0,0,0,"DR; R; CombB Tt399 Zo Eih""fffzo 'Hj3 (stt a+ ~rx~ dyosek qp] Cszuk_@utak Emul 1Z3 27 AE icott Dou Or eaxpl 5322 734 1s 3k  12"
124.jpg,True,99,0.5,High,True,6,9,0,0,0,"NETAJI SUBHAS CHANDRA BOSE CANCER HOSPITAL Palaccreditto 'of Himadri Memorial Cancer Welfare Trust) 6 Deak 3081 Nayabad, Kolkau 700 094,India VMS (038..."
125.jpg,True,53,0.4,Moderate,True,2,1,0,0,0,"Mob 9899874855 DTalt Arz KD.B.5 (Delhl) Street Ballimaran, Delhi-110006 Tel : 23928493 CLINIC : 1430,Qasimjan e-mail: azizclinic@hotmail  com Dale 18 ..."
126.jpg,True,21,0.4,High,True,4,4,0,0,0,Name QaeC Date uhiloL Aduress Rz Stiun G dadt 'iod _ t( 26 49 KJabEl Refll 071-1-3-46QRN Generic Substitution Permnitted Allaz MD: Copyright@ American...
127.jpg,True,12,0.3,Moderate,True,2,0,0,0,0,"ARLIYCTON OtcOlOCy cBIER EcMInLEA4 @ILiStu (si84 A#to R Ducet_ ""3 76 'dah R6 Gk BK xetbsfe 7 D~+"
128.jpg,True,104,0.6,High,True,7,8,0,1,0,"DR. BABA SAHEBAMBEDKAR HOSPITAL, ROHINI Gcvt of National Capltal Territory of Delhi-110085 EMERGENCY REGISTRATION CARD Dalc Timc July 18,2021 9.19.11 ..."
129.jpg,True,41,0.4,High,True,3,3,0,0,0,"Dr B Who Farmstreet 12 Kirkville tel, 3876 R/ date Mtv 1794 Tothutesdl IoTV m h6 11 4n 30 5 AA ht , artovr bekt nvaine tr hktst &a #0 xhrh- Hiv Tml hh..."
13.jpg,True,20,0.8,High,True,4,4,0,0,0,PHARMACEUTICAL BENEFITS ENTITLEMENT NO SAFETY NET ENTITLEMENT CONCEST NAL OR DEPENDANT; RPBS BENEFICIARY CARD HOLDER (cross reiovani bon OR SAFE NET C...
14.jpg,True,54,0.4,High,True,7,2,0,1,0,"YoURGp Compsslon ( (e ( ute DR, Ajay Sahdov uxttte XourOpn MeYourup,Ln MauR9a 191-0010225050 Vauaanemhmm S 24/4// MR; AtaY set 62| M Ce COVIP +Me Adw ..."
15.jpg,True,19,0.7,High,True,3,6,0,0,0,"Doctors Urgent Care Walk-In Clinic 4900 33rd Ave: N,,St: Petersburg; FL 33710 Office (727) 520-7900 Fax (727) 526-9179 For Age Address Date R hcPk Gen..."
16.jpg,True,25,0.3,Moderate,True,4,0,0,0,0,Miedicine AcETAmol uar Roul Start dalc Frcolcn Ia HAh Siualue Tale Jfns Klccn GMC No. 42427 4 € spedidiinstructiangdirccicns HCLLH PATA Mcdicinc: Rcra...
17.jpg,True,35,0.6,Moderate,True,2,0,0,0,0,Smile Designing Teeth Whitening THE CJHITE TUSK Dental Implants General Dentistry @O/whitetuskdental CLx ' Sachn LSansoae 28/m R Tab - Aujnenturi 6 25...
18.jpg,True,16,0.5,High,True,3,4,0,0,0,Name Jkic Date _ IklnL Addtess Ry Qhden Stnn ekakl 'iun %6 t4 #90 IABEL Refill 0-l-1-3-4 ~RN Generic Substitution Permitted Aba MD: Lbttt
19.jpg,True,29,0.4,High,True,3,3,0,0,0,"Patlent Age: Address: Date: 4 7poz R Ylc L+ eex7 Xes7 0a7yq Aur c Re ogue Fo ADoi CaL 2 2 tok ln Exc- C ""4/2]ev4 uo&y ~noUcl (Ja4 Collzq| (v Ano&"
2.jpg,True,50,0.2,Moderate,True,3,1,1,0,0,"Dr: RKeshwani Alotlo No Vram""ie MA08 , PGLHS (Chatsehsogy} Cue 07unu7ndo 144a4[ aehe Ku Gcuetal F>icim Mud Duabatolorist Aau IOmaM#utn Consultant Duab..."
20.jpg,True,17,0.3,Moderate,True,1,1,0,0,0,"MIDTOWN PARK PHARMACY Mcs Pa 5h' 25~< (nlushu ( 515 144n Wr % Kn 6 $ El~i Zisi2ewt 7lul J J 5 Leono""-RL '(u Wush d da"
21.jpg,True,28,0.3,Moderate,True,4,0,0,0,0,Rwvesc Rapsi with   MODS ( M obscex? XoNh Axfiabin {nuuntria ) 4 fuku  needs  erptbl about & -l0 (omtlti_ ~ecoveyy sto ad Kurdly do -a heedful ikm Fau...
22.jpg,True,9,0.2,Moderate,True,2,0,0,0,0,"WILLIAM LEWIS TOWNS, M, D 8843 Cunmau Adarei {apr77, ""&,"" Rapo5,eii cbirton  TY ' VA"
23.jpg,True,17,0.4,Moderate,True,2,0,0,1,0,"2 4 MAT Gabus wuk Pae #oolom~ Aitd fvtrl stake 36 Hea dechu oc Ran'x""dleie ISom B5 5 bars TDs 5 > Paracel-am6 ( S60"
24.jpg,True,35,0.3,Moderate,True,2,0,0,0,0,"Dr; Raja M3BS~D DNB (Cardlo ogy} Scnaen Re X KShi H; Al  ""~f 644 4 $ & | 0 0 09/72 EckU - Lvet 90 0 T. n4t A 'U- 64- Ayn nv_ 6'8 ( Nik ConL~^ 2-6 0 (T..."
25.jpg,True,18,0.3,High,True,3,2,0,0,0,"WALTON PHYSICIANS SUPPLY co_ PrescRiPTION DEPARTMENT Zio Cat STATe StuEEt caluvdui Lynu) Gf %xxiv, {3U ~ula VVA FLLES 4 + ~vf Ani(lsy RC #vf a"
26.jpg,True,30,0.4,High,True,6,4,0,0,0,MEDICAL CENTER HOSPITAL bco 4nuarn 0ons3 Laieti For_ Maaus Pzmon AGE_ Aodaess lauumMba DATE 49x Zendti 20478 120 NO REFILLS Zo~gP9' 866+~ Feman Sele z...
27.jpg,True,142,0.4,High,True,8,1,2,0,0,"EW Capsules Img,Zmg Smg: MINIPRESS{razosznt-c}} Z0 Macs_r; As -s~I267 ale kLs~ Jst KinisLid merwitj'$ ~~-k ~t tL Khankel Kaee {~ N-ef ~ T Kc  soy k Fr..."
28.jpg,True,28,0.5,High,True,2,3,0,0,0,"Nanavati Super Speciality Hospital passion for healing_ IP No; 21/4643 UHID 896539 Date: Icho Mr, Subhash Kumar Kulshreshtha 73 Yrs Male FICUJEIQUI Dr..."
29.jpg,True,58,0.6,High,True,5,4,0,0,0,"DD FOAM  1289 NOv 71 DOD PRESCRIPTION FOR (Full nameaddress, phona numbar) ( under 12,givo 3g2) John &_Dee HMB USN USS Never fergotten (DD 78) MEDCAL ..."
3.jpg,True,23,0.2,Moderate,True,3,1,0,0,0,"@,6.7ausasg LHARLES #. HUN Am 326 Jedsd Jashattacit Hna apue /* {921 Ceymdar Meaen R Docaua 261daclll &1X aliuaeixQbear faeee Jse 962221-3"" 2X. Vaeale..."
30.jpg,True,44,0.6,Moderate,True,2,0,0,0,1,Smile Designing Teeth Whitening THE CJHItE TUSK Dental Implants General Dentistry @O/whitetuskdental 13/o /2622 (Lg Fiza Mozawa_La I9 /F R Phexu U_ X ...
31.jpg,True,22,0.8,High,True,3,2,1,0,0,Dr . Alfred Sauls 151212 S. High Rd. IL 23875 954-555-1300 Name: Ala Johnson 92 Ibis Lane Rx: Erythrongein ethyksaccirate 400 _ mL Disp: 100 mL Sig: t...
32.jpg,True,32,0.3,High,True,4,1,1,0,0,"""haicuc StnD Wuilc_Torcu nr Adcet 212 Mis 4 DcNiew 6ReSVENo? Roab /470 (esmdnb NEN (ASTLE TYvG Numbr: 0l dan trelimrn Urhumtet Man '28 Diodilioo Endnn..."
33.jpg,True,44,0.6,High,True,4,2,0,0,0,"P D HINDUJA HOSPITAL & MEDICAL RESEARCH CENTRE Veer Savarkar Marg, Mahim; Mumbai 400 016. wwW hindujahospital com 0 m € Raku_ An 400 Azee 568 480 T= X..."
34.jpg,True,9,0.3,Low,False,1,0,0,0,0,R/ fx-z A sSex (26 'K (L L %I 7e61e Lx (XJ
35.jpg,True,5,0.2,Low,False,1,0,0,0,0,Reczived dhll Fll Lizsks Or
36.jpg,True,77,0.4,High,True,7,3,0,0,0,"SumDra Dr: Ravindra Kumar Mbes PCDCC Ric Conuuttont Fhykk Head $ Dobeles paco Fate Hopd , Detd 4ls "" Aklu tole Medonla Ihe Medcm Hood Gupon Udex Cosfd..."
37.jpg,True,34,0.6,Moderate,True,2,1,0,0,0,"Columbie 36 DR: W. P BAKER Physician and Surreon Office and Raidence, Kcefe Building Hilknan City . Scattle R rh O Daen For ~lit @anno&i ~sP: 227 Cozo..."
38.jpg,True,77,0.5,High,True,3,7,0,0,0,"NETAJI SUBHAS CHANDRA BOSE CANCER HOSPITAL (A Unit of Himadri Memotial Cancer Welfare Trust) NCRI Falaccatonto J08 | Nayabad,Kolkata 700 024, India De..."
39.jpg,True,16,0.1,Low,False,1,0,0,0,0,"LFONI LElanen 7466264 1 /Ta 01vn45 46t ~LXD 76765 el ba4%. V9 AcuO 460 01481 hera 4V 2"" a7e0 442"
4.jpg,True,118,0.4,High,True,7,5,1,0,0,DR BABA 8AHEBAMBEDKAR HOSPITAL; ROHINI Govt of National Capltal  Territory of Delhi-110085 EMERGENCY REGISTRATION CARD 41L IAM/SI MMLM LmRegnho DBSAIL...
40.jpg,True,43,0.4,High,True,6,2,1,0,0,Ugiiaki Kisman igukugu MD DNE (Int; 'Aedicing €MC Vellore} YASHODA Consultant Physicen & Dibebolonix HOSPITALS No; 79602 Mobile; 770293264 Email drhar...
41.jpg,True,27,0.4,High,True,4,2,0,0,0,"Dr B Who Farmstreet 12 Kirkville tel 3876 R/ date miv 1114 awoxicieli+ S 71_ h e i90 me 3& F ml Rsvsh &nn& (a4 rom] B, Ms/Mr Iahiuk ? addrcss: age: 54..."
42.jpg,True,17,0.8,High,True,3,5,0,0,0,"Medical prescription by Klippa Medical Center Lubeckweg 2, 9723HE Groningen; The Netherlands Patient name: Mario Carlos van der Vaart Patient age: 38 ..."
43.jpg,True,37,0.2,Moderate,True,2,2,0,0,0,"t[ Mnnn anuanr Feirlia titaolrntl Dincensina Wnames His RorncSiLC 191 $"" Dio oncirhg TJ Mdr CARLTON SONS Vinduacidts Cnet c Nierst ARI: DEOCMME 524. ""..."
44.jpg,True,26,0.3,Low,False,1,0,0,0,0,"2 hs Z_e/I*n+k* f-#fZ4 [Lzze Ileela 0x0_ T+z1 867_~3""D__ Z272 T727 Fel_< 4l1_4 Lakr,~-fd 4 ZA Lell F Lul ALe 6- X '~tE 2 pea ~ 6 0, 7 3 2 _2~ 41 ({aee..."
45.jpg,True,75,0.4,High,True,4,3,0,0,1,"043` #UCUUL gTa WaR 77 $ 147451 { rqr 07 PT4 Ya: 9.00 # 2 do}t ad5, Fe 6.30 8.30 &a} 7q5 MBBS MD: (PAED) MemRMC)R} 3on34/48105 Name; Le_x Age_2xo alsl..."
46.jpg,True,26,0.5,High,True,5,1,0,0,0,"AIG Mindspace Road; Gachibowli; Hyderabd, Telangana 500032, Tel: +91 40 4244 4227. HOSPITALS Inforaighospitals comn | vrwwaighospltals NbS; atna sgle ..."
47.jpg,True,13,0.1,Moderate,True,3,1,0,0,0,MDIOWN PARK PIUARMACY DAa #0t.i4 Aa SnWushd 2S (miluva l 44m Iv % d+ rkn #iik I ZuuakS  . t Enet #vr LYGL
48.jpg,True,11,0.2,Low,False,1,0,1,0,0,lnl ~i 1764 IiLEx np KD T{F6 722 /yu 74 MxdhUtf 3 >7s% 4l 4p3 32
49.jpg,True,9,0.4,Moderate,True,2,0,0,0,0,KT O.D ~2.0 -I.0o x Iod LT 0. <. -2.75 375 x70 +2.35
5.jpg,True,39,0.5,Moderate,True,3,0,0,0,0,"Rsx Ce g5 i(Mo 30 pm 0O alta Sxt Gquu b& - Yw (4.4 Ia 4 78cu1 98 ex oxtau ~p YmQ ko ( 6 lud) Cay"" &taolok 4 wQ (700 ) esxodK (00 ) Jonia  tw"" (PEDIATR..."
50.jpg,True,45,0.3,High,True,6,2,0,1,0,"ANILA Doctors HobpItal Sulte DSMT MAC, UN Avenua Emita , Manlla 522-47-13; 560-08-80 Loo 4100;/08,8,804.Oaol rjeonmedciinicogmall,com ijo.on2001@yahoo..."
51.jpg,True,105,0.4,High,True,4,2,0,0,0,"Dr Mahcsh Kumar Rovoorl Jsm nu slaik Mdns *15 (LNT) KIMS Conbullnni ET Sutron 4(^ hospitALS  Cvo ( 9 Vn J6(s4/221- 4. Rt chult ded M""fto (R Ic Jiau fd..."
52.jpg,True,19,0.3,Low,False,1,0,0,0,0,"1336-38 & 40 CHERRY STREET Mealth Suciety PHILADELPHIA, PAJ Oxas Bo 3 2 @muon@ronk 3 % 144431- Y k 3~o #n7 E_. For Headache, Nervous Zzor_ Toerz 'Ih:e..."
53.jpg,True,103,0.5,High,True,4,8,0,0,0,"Fortis OPD CONSULTATION Foitis dentr Fit AocRajan Druall Hospital Pockel AlI Marg, Vasant Kunf Delhi 110 070 FLT LI. RAIAN DHALL Tel: 91-11-1277-6222 ..."
54.jpg,True,28,0.4,Moderate,True,4,0,0,0,0,"EB FAIRVIEW Fairview-University Medical Center Pritary ( re Center (Imic 34 , Vhillips-W:ngensleen Ifuileling 546 [xln ;re Strcct ScntheLst , Mlinnc:p..."
55.jpg,True,54,0.3,High,True,5,1,0,0,0,"lm~uu 1 ( 4 0 |( (xtint Dale Nme of Consultart Ha p bun dulu Leo ) Nus FJu clvda"" Pa ( Aa LA(7 4 p+ N CoxZ~ O1 6 hJ Lo Mquazh X7 dup 4h Bp. 2 krrly 0~..."
56.jpg,True,36,0.4,High,True,5,5,1,0,0,MEDICAL CENTER HOSPITAL 5co G00 W 4IHStaEIT ODISIA TIXAS Ph Jj} Mu: FoR Maaues Qoro AGE AdDREsS_ lwuMAbb DATE #g9r Zerdi 20mg # 120 NO Refills zomgP9'...
57.jpg,True,27,0.5,Moderate,True,2,2,0,0,0,"Dr B, Who Farmstrcct 12 Kirkvillc tel, 3876 R/ date 0 Mv 1994 rm 0.12 mx b+ech 4 Mp,7 5 + &4 4 hlet Ms/Mr Pahinf 30 address; Agc: 77 rta Min 0 . Lmv"
58.jpg,True,37,0.4,Moderate,True,4,0,1,0,0,"78t9/$ / | >"" '68 +zo Cetelae ( Em'/iord) 30 | 6 D X esk 4 RB Ten ki (so_ fle Ly 2-Sm [ 0) X 2 mBrHAR WiLosxe 3 < / X 3 &a 48 /8/12 ~J-8& | 98906 Ab T..."
59.jpg,True,34,0.3,Moderate,True,3,0,0,0,0,"Liaatutc eatluen Heet Cantl Ireatrnent with Ady ZoPa &t Y2 Latert Techaique Wom Balue Milab (S"" coys, Preteatve Denlittry For [51- chld Dental Keaha D..."
6.jpg,True,41,0.4,Moderate,True,2,2,0,0,0,Primus Kamdkexv 9 |Rev% Super Speciality Etn Care 3291 Hospital PvlLtd Laboratory MC; LIFE Hore CARE Newv Oell 1007a chandragupta Alarg. Chanakyopur K...
60.jpg,True,56,0.4,High,True,3,4,0,0,1,HealthCare   Global Enterprises  Ltdua HCg ed 45 UdCrs RaaRan Ro Exn (0r 0662 4910506ig4 Fa +91007 Baand 550m21 Patient Name 'hnaa Corporate MRD: No: ...
61.jpg,True,38,0.7,High,True,4,2,1,0,0,"CHUS Centre hospitalier universitaire de Sherbrooke 819 346-1110 Hotel Dieu Hopital Fleurimont 580, rue Bowen Sud 3001, 12e avenue Nord Sherbrooke (Qc..."
62.jpg,True,30,0.2,Moderate,True,2,0,0,0,0,"(3 &6 (C Un Rainlm Tmariim [M W MemuMa (saey 8 ('~-p 6Fn= 1 i6s8 2 ep8 5, Fcei 1 + 716 feuse ~ (8-e) (1 ~ 2 Aeallhuly MMUNURATIOM Sp T-kok Day LaIIE M..."
63.jpg,True,34,0.4,High,True,5,1,1,0,0,"Dr _ Sachin Kumar 5G Dods Dad Orkedd otcdtoeetold Dsaedsocnotzmtntord Coeoroiscrsoseaeolg 36 yrs Sex: Altes""c # f1 _ I3okniutf) U 0 C(0 A_ <n ! plus C..."
64.jpg,True,24,0.4,Moderate,True,2,0,0,0,0,JF s 1epnted ARat IO T00 pevple die everyy peav cnc h ccctui '$ ff being called BenTH By TReSceipTion Deat Drubb) Lm nrt Szying yrkt needs h be tine 0...
65.jpg,True,26,0.5,High,True,4,5,0,0,0,"Reynalde 0 Jasan; MD, MHA, MHPEd; MSc MANILA Doctorb HOSPITAL Sulta 301, DSMT MAC U.N: Avenue Ermita, Manlla 522-47-13; 558-08-88 Loc 4100 0918.804.03..."
66.jpg,True,108,0.6,High,True,6,8,0,0,0,"DR. BABA SAHEBAMBEDKAR HOSPITAL, ROHINI Gcvt of National Capital Territory of Delhi-110085 EMERGENCY REGISTRATION CARD Dalc Timc July 48,.2021 9419 1 ..."
67.jpg,True,64,0.4,High,True,3,6,0,0,0,"Dr. Y. Lavanya SAI CLINIC Regas No. 96510 Near Ambedkar Staue, Miyapur Dr. K Chanakya Chandra Kumar Hyderabad MBBS Regd 68257 Date talo } 2621 Name Ag..."
68.jpg,True,53,0.6,High,True,4,1,0,0,1,"ACOZQ Affix Ub 8Hz Postage Confirming QSO with: Stamp Month 2 Year 2213 UTC: 23 26 MHz: 14,288 RST: 5 $ 7 MODE: Transceiver: Yaes6 F t 88 70 Power: L ..."
69.jpg,True,16,0.2,Moderate,True,3,0,0,0,0,"DruG Fov nWcA 06,O0 PakuinE x 84 DQ 77777 Attc 2 pous T6 J S-+/+ TV 18.00 LrEwl: Re:# Eali Nucue 8ib 2 0O"
7.jpg,True,50,0.5,High,True,4,6,0,0,0,"Vr D_ Ravi Shankar MD: (PED) PALS: MIAP Reo   No %5400 Preethi Child Clinic Maruthi In Gase t Ernergency Cortact HR, Children Hospital Fkar9989702028 ..."
70.jpg,True,27,0.4,High,True,4,2,0,0,0,"Dr B Who Farmstreet 12 Kirkville tel 3876 R/ date miv 1114 awoxicieli+ S 71_ h e i90 me 3& F ml Rsvsh &nn& (a4 rom] B, Ms/Mr Iahiuk ? addrcss: age: 54..."
71.jpg,True,44,0.6,Moderate,True,3,0,0,0,0,RADIO Wluca ZZL confirming our QSO of: 2A 20_03 Stamp AT UTC  Mode S58 ON_ 1 2.50 MHz RST _57 OXCvR OOTHER OUTPUT WATTS ANT GERL : UP 2 6 OmtrS; | To:...
72.jpg,True,92,0.3,Moderate,True,2,1,0,0,0,"58 49*64 , 4T, WrNI VqnN Cl : Tt 6TD 43,R,8,47; GN (f3e) 47.8.47 (0733.425,,61T) R6 / (fia CMR fans1e) 467e1 16v 77 Zlhi T? 8 77/7 %Fniiem ~Tr Gc blal..."
73.jpg,True,51,0.6,High,True,5,4,0,0,0,TTemperature Allergies: [No Known allergies Pulse [Cany Head Circumnference Yo) Weight o Pain related to chiel comiplaint Heighr EcA CNs ONo QAcute Dc...
74.jpg,True,46,0.5,High,True,4,1,0,0,0,"Dr Jayaprakash Hebbar MBBS: No.  2008/08/2976 No 2767 Hilll Diamond Palace, Resi 2642 4366 Road, Mob:: 9820086992 Bod5.o Mumbai-400,050, 49, Turner Ro..."
75.jpg,True,30,0.4,High,True,2,5,0,0,0,Name Address; Ouandmzbo Mat MaEa Age:_29 Sex M Date:_|Z_ 06 274 R Tcz) lz~-Un dburd Cap4z 1 cap Gx @t {e Auun Physician's Sig; (dea Lic No; +2269 PTR ...
76.jpg,True,3,0.3,Moderate,True,2,0,0,0,0,MletLxo_ 1om  luuxl
77.jpg,True,37,0.3,Moderate,True,2,1,0,0,0,Dr B Who Farmslreet 12 Kirkvillc tel. 3876 Ratc ^v Panutanm€ Sud nS hi_ dn Lo 2+ Ft 4 Ult %0 nn am N bepclo (nnidt kp bcevpnarrdt n8 8 Fto Ou ntt _ KU...
78.jpg,True,51,0.3,Moderate,True,4,0,3,0,0,8+ DR 71 6/ ($ @onliu De4 oo srw AMl AAke Bpeq*e casrus Tr ~f h LA uheey O~ () a~ enui~ Aaere (st kianep Cokiet namald e1L duslen neva  iele a 0 L M1L...
79.jpg,True,33,0.5,High,True,3,5,0,0,0,"~PETUAL SUCCOUR HOSPITAL GORORDO AVENUE, CEBU City 6000 Po. BOX 790 TeL NO_ 233-8620 Patient: [oblt Vlelz Address: Sex:_ Date: 4EKS R Ban MbM ROR1 PMT..."
8.jpg,True,48,0.4,High,True,5,1,0,0,0,"Dr. Sudip Mhuseac# < Uki ~uge lv Detusn"" 32V4/22 Klclo (vacheaal 045p4 fa lenriut {ymphmg Om Kin clo 0 Poruhu ak Alonel purord (Utahvn Gbaclo (uku d i..."
80.jpg,True,74,0.2,Moderate,True,2,0,1,0,0,"LP Follow Uu Shoot Onulon 496 M"" - ilx Ser Mif Nx Won # [lI Na rNo /8614 37 Av hak P~1 Xed &f une alln Jabv ~AAtih Vanskny afuelba} 347 L) Klkneu , Ju..."
81.jpg,True,46,0.6,High,True,3,4,0,0,0,Dr: Ramesh S= SHIVAPRI Child CARE cen MBBS DCHMD (RMC Bangalre) Pediatrcs (CHILDREN SPECIALIST & NEONATALOGIST) Kempanna Co Saralpalya Bus Reg No. KMC...
82.jpg,True,48,0.5,High,True,3,3,0,0,0,Balu Zo b e4 Weight Luug EMI 4(24 Waist Circum Hetott 54 Pulse Resp B.P : Temp General Examination Allergies Clinical Diagnosis & Management Plan Hist...
83.jpg,True,37,0.6,High,True,4,6,0,0,0,Date: Li4o_20to Aptus Medical Arts WE Hansen 123 Homestead PL Suite 2 1 Searchlight; NV 89046 Name: Iyeeteive (MJF Age: 51 Address: MilkLmi_RL Wt: L R...
84.jpg,True,108,0.5,High,True,8,6,0,0,0,"RBBshFc9s Siddicino; Bhani Dr: Raja Yasser Shahbaz Dr: Talha Khalid (Modicine) MBBS; FCPS (Medicine) MBBS MD (USA), FCPS (Medicine) For appointment  C..."
85.jpg,True,72,0.5,High,True,4,6,0,0,0,Raiv 0kuiiie Gd QFAA A/huuath3|F0 2[ 470` 22a Tel J 20-Jan-2020 5 07 PM Order Date na FIRECP/O| 05-06 F-1OA Rajiv Gandhi Cancer Institute C Greenor Ce...
86.jpg,True,17,0.3,Low,False,1,0,0,0,0,"4 ( _ 3 - 0z 82 Garc]> Z76 74 Tn Geh f"" TSaeh 1? c AMex26 Kbh+m n 6~~"
87.jpg,True,41,0.4,High,True,5,1,0,1,0,"NMelh = Cytct Pancreas VCH Spleen: Right kidnex: 4 x 2 45  3 Kidney"" 'i3e qiaised   echogColcily Left kidney x2m dbegrcea LOCT,oD> 0O eenal calculi Qi..."
88.jpg,True,64,0.5,Moderate,True,4,0,1,0,0,RADIO LSEA Confirming USA our QSO of:_ 13 20_ AT 214 UTC Mode 334 0 ON_ [d T> MHz RST_ S HAM ALOHAe AxCvR OTHER 722 www.arrlorg OUTPUT 1zZ WATTS ANT 1...
89.jpg,True,37,0.4,High,True,5,5,0,0,0,MEDICAL CENTER HOSPITAL s00 - {0J wYATH STREET ODESSA TEXAS Pn.JJ* TMMf FOR_ Pawn AGe_ AdDreSS lmuuAt4 DATE 4lex Zendi 20*% # 120 NO REFILLS 866 ~ Fem...
9.jpg,True,34,0.8,High,True,3,8,3,0,0,"C.O. Jones 25 El Caro Street Pleasantville, OH 43320 Date March I0 , 2009 Patient Name: Joseph Mc Intyre Address: DOB: 12/ 26/1998 Allergies: NKda Wei..."
90.jpg,True,46,0.4,High,True,3,4,0,0,0,Dr B. Who Farmstreel 12 Kirkville lel; 3876 RT date ~tv 49 4 Paneetanve Sod ms hk; dn Md 20 S . ht. 4 sect 20 Mh atk~ 0 mehclv % mebeevnanv'oe 10 m% 0...
91.jpg,True,89,0.5,High,True,6,2,1,0,0,ziR1a Tonsils GR Ffqi Salivari Glands Tiillz rifti Sranial Nerves D4l- Nwuo( Neok 2TT Thyroid TTHTHI 4rr Lympth Nodes Gushsl 87) 84/a/x Thorax 707 PTi...
92.jpg,True,39,0.2,High,True,5,1,0,0,0,"IAO Ucm MMCreperal Medicine y ""MOncuhum Gretnetal Phyucian No MT NaspoRs Mutule "" 4187s (Kob is/yp0*( M  Veukalushwax Mpu kpholivi X Leks Lypesowal IV..."
93.jpg,True,14,0.3,Moderate,True,2,0,0,0,0,Rp: 50% Mck 2+7 202 Ilaztria .3 3o^ dGu _ htl 16 mkbs %h Jss. pb4 890
94.jpg,True,38,0.7,High,True,4,2,1,0,0,"CHUS Centre hospitalier universitaire de Sherbrooke 819 346-1110 Hotel Dieu Hopital Fleurimont 580, rue Bowen Sud 3001, 12e avenue Nord Sherbrooke (Qc..."
95.jpg,True,69,0.5,High,True,4,4,0,0,0,"DR. SAMPURNA GHOSH Consultant ENT, Head und Neck Surgaon Slneo (Snoring) Endoacoplc Sinus Surgory Speclaliat In MBBS; MS UMRO643469 Name BABYRITI DUBE..."
96.jpg,True,33,0.8,High,True,6,8,1,1,1,"PEDIATRICS UNLIMITED 1000 University Drive Wellington, NM 88230 Date March I0, 2009 Patient Name: Kevin Zadnick Address: DOB: July 28 . 09 Allergies: ..."
97.jpg,True,28,0.7,High,True,6,6,0,3,0,"RIVERSIDE MEDICAL CENTRE 824 [4"" Street New York; NY 91743. USA NAME JeLa Sotl AGE 34 ADDRESS 162 St_M DATE 02-1IZ Betaloc IOO~3 +45 Bid Dorzolamizvm ..."
98.jpg,True,38,0.4,High,True,3,5,0,0,0,D4 - (efu (zo1( RAMAIAH PATIENT DATE Memorial Hospltal PRESCRIPTION suf4edzu CGW4-262 Namre Shaileka_kamal Hosp. No: PKQQ22)LOl_ Age Sex R Inj PeMbESI...
99.jpg,True,68,0.2,Moderate,True,3,1,2,0,0,"ManipalHospitals LIFtBC' U, Loiluih Wniorll) waxf Mi Akeula Vahliv Beln Kopulit No: Auu 5812675 Gny #idh c o ""$ pan ? fuual (4n , L du€L O1L ""s/4"" Iah..."
